model,vocab,auc score,accuracy,precision 1,recall 1,f1 score 1,precision 0,recall 0,f1 score 0,precision avg,recall avg,f1 avg
logistic regression,233164,0.9705306780246344,0.9867424242424242,0.9166666666666666,0.6470588235294118,0.7586206896551724,0.9883720930232558,0.9980430528375733,0.9931840311587146,0.9525193798449612,0.8225509381834926,0.8759023604069435
bernoulli naive-bayes,233164,0.9783584666743409,0.9924242424242424,0.8823529411764706,0.8823529411764706,0.8823529411764706,0.9960861056751468,0.9960861056751468,0.9960861056751468,0.9392195234258087,0.9392195234258087,0.9392195234258087
multinomial naive-bayes,233164,0.9780131230574421,0.9867424242424242,0.75,0.8823529411764706,0.8108108108108107,0.9960629921259843,0.9902152641878669,0.9931305201177625,0.8730314960629921,0.9362841026821687,0.9019706654642866
linear svm,233164,0.9803154138367676,0.9848484848484849,0.9090909090909091,0.5882352941176471,0.7142857142857143,0.9864603481624759,0.9980430528375733,0.9922178988326847,0.9477756286266925,0.7931391734776102,0.8532518065591995
knn,233164,0.7337976286404974,0.9791666666666666,0.8,0.47058823529411764,0.5925925925925927,0.9826254826254827,0.9960861056751468,0.989310009718173,0.8913127413127413,0.7333371704846322,0.7909513011553828
sgd,233164,0.9868769425578452,0.9886363636363636,0.8666666666666667,0.7647058823529411,0.8125,0.9922027290448343,0.9960861056751468,0.9941406250000001,0.9294346978557505,0.880395994014044,0.9033203125
random forest,233164,0.9549326579947046,0.9810606060606061,0.8888888888888888,0.47058823529411764,0.6153846153846153,0.9826589595375722,0.9980430528375733,0.9902912621359223,0.9357739242132306,0.7343156440658455,0.8028379387602689
gradient boosting,233164,0.9696673189823874,0.9867424242424242,0.8125,0.7647058823529411,0.787878787878788,0.9921875,0.9941291585127201,0.9931573802541545,0.90234375,0.8794175204328306,0.8905180840664713
mlp,233164,0.9102106596063083,0.9829545454545454,0.9,0.5294117647058824,0.6666666666666667,0.9845559845559846,0.9980430528375733,0.9912536443148688,0.9422779922779922,0.7637274087717278,0.8289601554907677
