model,vocab,auc score,accuracy,precision 1,recall 1,f1 score 1,precision 0,recall 0,f1 score 0,precision avg,recall avg,f1 avg
logistic regression,17835,0.9973214285714286,0.9861460957178841,0.989492119089317,0.9912280701754386,0.9903593339176161,0.9775784753363229,0.9732142857142857,0.9753914988814317,0.98353529721282,0.9822211779448622,0.9828754163995239
bernoulli naive-bayes,17835,0.9671835839598998,0.871536523929471,0.8513513513513513,0.9947368421052631,0.9174757281553398,0.9765625,0.5580357142857143,0.7102272727272727,0.9139569256756757,0.7763862781954887,0.8138515004413063
multinomial naive-bayes,17835,0.9969298245614036,0.9861460957178841,0.9912126537785588,0.9894736842105263,0.990342405618964,0.9733333333333334,0.9776785714285714,0.9755011135857461,0.9822729935559461,0.9835761278195488,0.9829217596023551
linear svm,17835,0.9948151629072681,0.9861460957178841,0.9912126537785588,0.9894736842105263,0.990342405618964,0.9733333333333334,0.9776785714285714,0.9755011135857461,0.9822729935559461,0.9835761278195488,0.9829217596023551
knn,17835,0.9575579573934837,0.8929471032745592,0.888,0.9736842105263158,0.9288702928870293,0.9112426035502958,0.6875,0.7837150127226462,0.899621301775148,0.830592105263158,0.8562926528048378
sgd,17835,0.9968828320802005,0.9811083123425692,0.9911504424778761,0.9824561403508771,0.9867841409691629,0.9563318777292577,0.9776785714285714,0.9668874172185431,0.9737411601035668,0.9800673558897243,0.976835779093853
random forest,17835,0.9967849310776942,0.982367758186398,0.9809688581314879,0.9947368421052631,0.9878048780487805,0.9861111111111112,0.9508928571428571,0.968181818181818,0.9835399846212995,0.9728148496240601,0.9779933481152993
gradient boosting,17835,0.9928414786967419,0.9760705289672544,0.9774696707105719,0.9894736842105263,0.9834350479511769,0.9723502304147466,0.9419642857142857,0.9569160997732427,0.9749099505626593,0.9657189849624059,0.9701755738622098
mlp,17835,0.9982456140350877,0.9924433249370277,0.9912891986062717,0.9982456140350877,0.9947552447552447,0.9954545454545455,0.9776785714285714,0.9864864864864865,0.9933718720304086,0.9879620927318296,0.9906208656208656
