model,vocab,auc score,accuracy,precision 1,recall 1,f1 score 1,precision 0,recall 0,f1 score 0,precision avg,recall avg,f1 avg
logistic regression,18539,0.9980968045112781,0.9861460957178841,0.989492119089317,0.9912280701754386,0.9903593339176161,0.9775784753363229,0.9732142857142857,0.9753914988814317,0.98353529721282,0.9822211779448622,0.9828754163995239
bernoulli naive-bayes,18539,0.9761199874686717,0.9030226700251889,0.8881889763779528,0.9894736842105263,0.9360995850622408,0.9622641509433962,0.6830357142857143,0.7989556135770235,0.9252265636606745,0.8362546992481203,0.8675275993196321
multinomial naive-bayes,18539,0.9975955513784461,0.9861460957178841,0.989492119089317,0.9912280701754386,0.9903593339176161,0.9775784753363229,0.9732142857142857,0.9753914988814317,0.98353529721282,0.9822211779448622,0.9828754163995239
linear svm,18539,0.9976895363408521,0.9811083123425692,0.9842931937172775,0.9894736842105263,0.9868766404199475,0.9728506787330317,0.9598214285714286,0.9662921348314607,0.9785719362251546,0.9746475563909774,0.9765843876257041
knn,18539,0.9693687343358397,0.9307304785894207,0.9590017825311943,0.9438596491228071,0.9513704686118479,0.8626609442060086,0.8973214285714286,0.8796498905908096,0.9108313633686014,0.9205905388471178,0.9155101796013287
sgd,18539,0.9985275689223058,0.9836272040302267,0.9894551845342706,0.987719298245614,0.9885864793678665,0.9688888888888889,0.9732142857142857,0.9710467706013364,0.9791720367115797,0.9804667919799499,0.9798166249846014
random forest,18539,0.997669956140351,0.9861460957178841,0.989492119089317,0.9912280701754386,0.9903593339176161,0.9775784753363229,0.9732142857142857,0.9753914988814317,0.98353529721282,0.9822211779448622,0.9828754163995239
gradient boosting,18539,0.9942238408521302,0.9760705289672544,0.9876106194690265,0.9789473684210527,0.9832599118942731,0.9475982532751092,0.96875,0.9580573951434879,0.9676044363720678,0.9738486842105263,0.9706586535188805
mlp,18539,0.9983082706766917,0.9861460957178841,0.9912126537785588,0.9894736842105263,0.990342405618964,0.9733333333333334,0.9776785714285714,0.9755011135857461,0.9822729935559461,0.9835761278195488,0.9829217596023551
