model,vocab,auc score,accuracy,precision 1,recall 1,f1 score 1,precision 0,recall 0,f1 score 0,precision avg,recall avg,f1 avg
logistic regression,500,0.9944783834586466,0.9773299748110831,0.9893617021276596,0.9789473684210527,0.9841269841269842,0.9478260869565217,0.9732142857142857,0.960352422907489,0.9685938945420907,0.9760808270676692,0.9722397035172365
bernoulli naive-bayes,500,0.978156328320802,0.9168765743073047,0.9736842105263158,0.9087719298245615,0.9401088929219601,0.8015267175572519,0.9375,0.8641975308641976,0.8876054640417839,0.9231359649122808,0.9021532118930788
multinomial naive-bayes,500,0.9845629699248121,0.9345088161209067,0.990530303030303,0.9175438596491228,0.9526411657559198,0.8233082706766918,0.9776785714285714,0.8938775510204081,0.9069192868534974,0.9476112155388471,0.923259358388164
linear svm,500,0.9917528195488722,0.9748110831234257,0.9824561403508771,0.9824561403508771,0.9824561403508771,0.9553571428571429,0.9553571428571429,0.9553571428571429,0.96890664160401,0.96890664160401,0.96890664160401
knn,500,0.9713972431077694,0.9080604534005038,0.9920792079207921,0.8789473684210526,0.932093023255814,0.7612456747404844,0.9821428571428571,0.8576998050682261,0.8766624413306383,0.9305451127819548,0.89489641416202
sgd,500,0.9920191102756892,0.9748110831234257,0.9824561403508771,0.9824561403508771,0.9824561403508771,0.9553571428571429,0.9553571428571429,0.9553571428571429,0.96890664160401,0.96890664160401,0.96890664160401
random forest,500,0.9946506892230577,0.9748110831234257,0.9841549295774648,0.980701754385965,0.9824253075571179,0.9513274336283186,0.9598214285714286,0.9555555555555556,0.9677411816028917,0.9702615914786967,0.9689904315563367
gradient boosting,500,0.9925477756892231,0.9685138539042821,0.9892280071813285,0.9666666666666667,0.9778172138420586,0.919831223628692,0.9732142857142857,0.9457700650759219,0.9545296154050102,0.9699404761904762,0.9617936394589902
mlp,500,0.9961622807017544,0.9735516372795969,0.9893048128342246,0.9736842105263158,0.9814323607427056,0.9356223175965666,0.9732142857142857,0.9540481400437636,0.9624635652153956,0.9734492481203008,0.9677402503932346
