model,vocab,auc score,accuracy,precision 1,recall 1,f1 score 1,precision 0,recall 0,f1 score 0,precision avg,recall avg,f1 avg
logistic regression,102085,0.9980106516290728,0.9836272040302267,0.9877408056042032,0.9894736842105263,0.9886064855390009,0.9730941704035875,0.96875,0.9709172259507831,0.9804174880038954,0.9791118421052631,0.9797618557448919
bernoulli naive-bayes,102085,0.7935855263157895,0.8513853904282116,0.8294460641399417,0.9982456140350877,0.9060509554140127,0.9907407407407407,0.47767857142857145,0.6445783132530121,0.9100934024403412,0.7379620927318296,0.7753146343335124
multinomial naive-bayes,102085,0.9925791040100251,0.9886649874055415,0.9912434325744308,0.9929824561403509,0.9921121822962313,0.9820627802690582,0.9776785714285714,0.9798657718120806,0.9866531064217445,0.9853305137844611,0.9859889770541559
linear svm,102085,0.9978853383458647,0.9811083123425692,0.9859894921190894,0.987719298245614,0.9868536371603858,0.968609865470852,0.9642857142857143,0.9664429530201342,0.9772996787949707,0.9760025062656641,0.97664829509026
knn,102085,0.9721921992481203,0.9143576826196473,0.9790076335877863,0.9,0.9378427787934187,0.7888888888888889,0.9508928571428571,0.8623481781376517,0.8839482612383376,0.9254464285714286,0.9000954784655353
sgd,102085,0.997109962406015,0.9874055415617129,0.9895104895104895,0.9929824561403509,0.9912434325744307,0.9819819819819819,0.9732142857142857,0.9775784753363228,0.9857462357462357,0.9830983709273182,0.9844109539553767
random forest,102085,0.9981829573934837,0.9861460957178841,0.9929453262786596,0.987719298245614,0.990325417766051,0.9691629955947136,0.9821428571428571,0.9756097560975608,0.9810541609366866,0.9849310776942355,0.982967586931806
gradient boosting,102085,0.9945567042606517,0.9798488664987406,0.9893992932862191,0.9824561403508771,0.9859154929577465,0.956140350877193,0.9732142857142857,0.9646017699115044,0.972769822081706,0.9778352130325814,0.9752586314346254
mlp,102085,0.9948386591478696,0.9899244332493703,0.9912587412587412,0.9947368421052631,0.9929947460595446,0.9864864864864865,0.9776785714285714,0.9820627802690582,0.9888726138726138,0.9862077067669173,0.9875287631643015
