model,vocab,auc score,accuracy,precision 1,recall 1,f1 score 1,precision 0,recall 0,f1 score 0,precision avg,recall avg,f1 avg
logistic regression,500,0.9948464912280701,0.9672544080604534,0.9874551971326165,0.9666666666666667,0.9769503546099292,0.9194915254237288,0.96875,0.9434782608695652,0.9534733612781727,0.9677083333333334,0.9602143077397471
bernoulli naive-bayes,500,0.9789003759398497,0.9206549118387909,0.9774011299435028,0.9105263157894737,0.9427792915531334,0.8060836501901141,0.9464285714285714,0.8706365503080082,0.8917423900668084,0.9284774436090226,0.9067079209305708
multinomial naive-bayes,500,0.9891369047619047,0.9395465994962217,0.9887640449438202,0.9263157894736842,0.9565217391304348,0.8384615384615385,0.9732142857142857,0.9008264462809917,0.9136127917026793,0.949765037593985,0.9286740927057133
linear svm,500,0.9931860902255638,0.9760705289672544,0.9893428063943162,0.9771929824561404,0.9832303618711387,0.9437229437229437,0.9732142857142857,0.9582417582417582,0.96653287505863,0.975203634085213,0.9707360600564484
knn,500,0.9821115288220551,0.9672544080604534,0.9771929824561404,0.9771929824561404,0.9771929824561404,0.9419642857142857,0.9419642857142857,0.9419642857142857,0.959578634085213,0.959578634085213,0.959578634085213
sgd,500,0.9922619047619047,0.9748110831234257,0.9910714285714286,0.9736842105263158,0.9823008849557523,0.9358974358974359,0.9776785714285714,0.9563318777292577,0.9634844322344323,0.9756813909774436,0.969316381342505
random forest,500,0.9946820175438595,0.9748110831234257,0.9790940766550522,0.9859649122807017,0.9825174825174825,0.9636363636363636,0.9464285714285714,0.9549549549549549,0.9713652201457079,0.9661967418546366,0.9687362187362187
gradient boosting,500,0.9895245927318296,0.9634760705289672,0.9873873873873874,0.9614035087719298,0.9742222222222223,0.9079497907949791,0.96875,0.9373650107991359,0.9476685890911832,0.9650767543859649,0.9557936165106791
mlp,500,0.9939614661654135,0.9672544080604534,0.9892086330935251,0.9649122807017544,0.9769094138543516,0.9159663865546218,0.9732142857142857,0.9437229437229437,0.9525875098240735,0.96906328320802,0.9603161787886476
