model,vocab,auc score,accuracy,precision 1,recall 1,f1 score 1,precision 0,recall 0,f1 score 0,precision avg,recall avg,f1 avg
logistic regression,18539,0.9966478696741854,0.964735516372796,0.9945255474452555,0.956140350877193,0.9749552772808587,0.8983739837398373,0.9866071428571429,0.9404255319148936,0.9464497655925463,0.9713737468671679,0.9576904045978762
bernoulli naive-bayes,18539,0.9660361842105264,0.8904282115869018,0.8744186046511628,0.9894736842105263,0.9283950617283951,0.959731543624161,0.6383928571428571,0.7667560321715817,0.9170750741376619,0.8139332706766917,0.8475755469499884
multinomial naive-bayes,18539,0.9958333333333333,0.9710327455919395,0.9892665474060823,0.9701754385964912,0.9796279893711249,0.9276595744680851,0.9732142857142857,0.9498910675381262,0.9584630609370837,0.9716948621553885,0.9647595284546255
linear svm,18539,0.9982534461152882,0.9785894206549118,0.9911190053285968,0.9789473684210527,0.9849955869373345,0.948051948051948,0.9776785714285714,0.9626373626373625,0.9695854766902724,0.9783129699248121,0.9738164747873486
knn,18539,0.988843201754386,0.9760705289672544,0.9876106194690265,0.9789473684210527,0.9832599118942731,0.9475982532751092,0.96875,0.9580573951434879,0.9676044363720678,0.9738486842105263,0.9706586535188805
sgd,18539,0.9981672932330827,0.9735516372795969,0.9893048128342246,0.9736842105263158,0.9814323607427056,0.9356223175965666,0.9732142857142857,0.9540481400437636,0.9624635652153956,0.9734492481203008,0.9677402503932346
random forest,18539,0.9967692669172932,0.9773299748110831,0.9964028776978417,0.9719298245614035,0.9840142095914742,0.9327731092436975,0.9910714285714286,0.961038961038961,0.9645879934707696,0.9815006265664161,0.9725265853152176
gradient boosting,18539,0.9945919486215539,0.9685138539042821,0.9945553539019963,0.9614035087719298,0.9776984834968778,0.9094650205761317,0.9866071428571429,0.9464668094218416,0.952010187239064,0.9740053258145364,0.9620826464593597
mlp,18539,0.9974937343358397,0.9722921914357683,0.9945848375451264,0.9666666666666667,0.9804270462633452,0.9208333333333333,0.9866071428571429,0.9525862068965517,0.9577090854392298,0.9766369047619048,0.9665066265799485
