model,vocab,auc score,accuracy,precision 1,recall 1,f1 score 1,precision 0,recall 0,f1 score 0,precision avg,recall avg,f1 avg
logistic regression,102085,0.9973370927318296,0.9811083123425692,0.9928952042628775,0.980701754385965,0.9867608120035305,0.9523809523809523,0.9821428571428571,0.967032967032967,0.9726380783219148,0.981422305764411,0.9768968895182488
bernoulli naive-bayes,102085,0.7935855263157895,0.8513853904282116,0.8294460641399417,0.9982456140350877,0.9060509554140127,0.9907407407407407,0.47767857142857145,0.6445783132530121,0.9100934024403412,0.7379620927318296,0.7753146343335124
multinomial naive-bayes,102085,0.9974075814536341,0.9886649874055415,0.9912434325744308,0.9929824561403509,0.9921121822962313,0.9820627802690582,0.9776785714285714,0.9798657718120806,0.9866531064217445,0.9853305137844611,0.9859889770541559
linear svm,102085,0.9979323308270677,0.9874055415617129,0.9895104895104895,0.9929824561403509,0.9912434325744307,0.9819819819819819,0.9732142857142857,0.9775784753363228,0.9857462357462357,0.9830983709273182,0.9844109539553767
knn,102085,0.984468984962406,0.9672544080604534,0.9722222222222222,0.9824561403508771,0.9773123909249563,0.9541284403669725,0.9285714285714286,0.9411764705882353,0.9631753312945974,0.9555137844611529,0.9592444307565957
sgd,102085,0.9978305137844611,0.9886649874055415,0.9895287958115183,0.9947368421052631,0.9921259842519685,0.9864253393665159,0.9732142857142857,0.9797752808988764,0.9879770675890172,0.9839755639097745,0.9859506325754225
random forest,102085,0.9981829573934837,0.9899244332493703,0.9947183098591549,0.9912280701754386,0.9929701230228472,0.9778761061946902,0.9866071428571429,0.9822222222222223,0.9862972080269226,0.9889176065162908,0.9875961726225347
gradient boosting,102085,0.9955905388471177,0.9748110831234257,0.9858657243816255,0.9789473684210527,0.9823943661971831,0.9473684210526315,0.9642857142857143,0.9557522123893805,0.9666170727171285,0.9716165413533835,0.9690732892932818
mlp,102085,0.9989348370927318,0.9899244332493703,0.9929824561403509,0.9929824561403509,0.9929824561403509,0.9821428571428571,0.9821428571428571,0.9821428571428571,0.987562656641604,0.987562656641604,0.987562656641604
